تاريخ السحب,سعر الذهب (اليمن)
2026-03-11 05:57:45,N/A
2026-03-11 06:00:07,"سعر الذهب اليوم
خبرة في أسواق الذهب منذ 2003










                    الرئيسية
                





                        اختر دولتك
                        




الدول المتاحة


                                    سعر الذهب بمصر                                

                                    سعر الذهب بالسعودية                                

                                    سعر الذهب بالإمارات                                

                                    سعر الذهب بالكويت                                

                                    سعر الذهب بعمان                                

                                    سعر الذهب بقطر                                

                                    سعر الذهب بالبحرين                                

                                    سعر الذهب بالأردن                                

                                    سعر الذهب بالمغرب                                

                                    سعر الذهب بلبنان                                

                                    سعر الذهب بفلسطين                                





                            مقالات"
2026-03-11 06:01:47,"عيار 24 : 39,850 ريال"
